sentimen;Tweets
-1;gosah cari bahan ceramah yg tidak asai jadi lihat dongo
0;kenapa ngustadz yusuf mansur coba yaa daripada keluar negeri 
-1;kok kes hindar kabur dr masalah pamer sedang di sini anggap nyusahin banyak orang sampe ng
0;di tengah ramai berita rumah digeruduk puluh orang ustaz yusuf mansur justru muncul dengan postingan baru di instagram simak berita lengkap di newsone cariberitaditvone yusufmansur
0;si paling cari rumah yusuf mansur digeruduk massa ybs di yaman dan mesir investasi kedok syurga ht
0;rumah digeruduk massa yusuf mansur allah bener-bener ga bakal tinggal diam
0;yusuf mansur unggah foto di yaman tanpa bahas penggerudukan massa di rumah warganet pak dicariin orang
0;sidang putus kasus gelar hari ini ustaz yusuf mansur pilih terbang ke mesir
0;rumah yusuf mansur digeruduk massa gus umar pertanggungjawabkan duit mereka jangan lari
0;emang utang ente udh lunas sup kok digeruduk rumah ente
0;yuk join sama bisnis ustadz yusuf mansur paytren dg klik web ini sukses bisnis sama paytren indonesia
-1;saya masih ingat lalu pak jokowi tolak agar tidak dukung oleh yusuf mansur tapi yusuf mansur maksa agar ikut mengk
-1;kenapa ustad yusuf mansur coba dr pada lari klu hasil kan lumayan klu nggak hasil bisa bonyok kayak coba aja solusi dr ustad adi hidayat pasti atas masalah tambah masalah
0;yusuf mansur knp dah wkwk
1;yusuf mansur lolos gugat investasi tapi perkara lain nanti
1;to alangkah lebih baik jika anda bertanggungjawab dan hadap para masyarakat yang telah investasi pada investasi yg anda luncur tunai janji anda dan jadi contoh panutan masyarakat sesuai dengan profesi yg anda jalan bagai ulama
0;bisa di baca model investasi kilas sbb jadi saya tengara saudara jam an hanya andal nama kondang ingat mou juga belum jelas wallahu alam
1;yusuf mansur makin banyak kita sedekah maka makin lancar rezeki kita sebab allah balas sedekah dan baik kita dengan lipat ganda ajar itu benar bagi jiwa ikhlas sambil salah bagi jiwa tak ikhlas padahal jumlah jiwa ikhlas amat sedikit penyalahgunaan ayat
1;ustaz yusuf mansur menang atas kasus gugat tabung tanah yang libat nama
0;andai yusuf mansur tau doa ini dia gak perlu lari ke yaman dan mesir hindar warga yang minta uang dibalikin https
-1;gentle dong urus dulu wajib mu ngejual ayat
0;ustaz yusuf mansur belum selesai hadap kasus lain walau menang satu perkara
0;dunia mulu bang yg bahas akherat kek kemrin dtengin kmna bang jgn lari gtu dong gentle islam ga ngajarin buat lari dari masalah
0;deret kasus yusuf mansur dari tabung tanah hingga batubara
0;lahh nyaang dari yaman ngungsi ke indonesia ini ngungsi nah ke yamann rumah digeruduk minta ganti rugi yusuf mansur kabar lagi ada di yaman
0;yuk join sama bisnis ustadz yusuf mansur paytren silah cek bio pokoknyapaytreninaja sukses bisnis sama paytren indonesia
1;seluruh amal sunnah itu antar kepada jaya sukses mulia kaya bahagia yusuf mansur quote
-1;seddih dengernya goda dunia memang luar biasah yaa ustad ustaz yusuf mansur bakal berangkat ke mesir warganet mau kabur tadz
-1;ini kan baru salah satu kasus lha kasus yang lainnye bigimane tong
-1;deret kasus yusuf mansur dari tabung tanah hingga batubara cakap pikir buat cakap
-1;kontroversi investasi yusuf mansur hingga gugat dan digeruduk investor
-1;ustaz yusuf mansur akhir buka suara kait tuntut ganti rugi para investor dalam program investasi batu bara milik
-1;yusuf mansur buka suara kena aksi penggerudukan rumah oleh puluh orang senin aksi sebut tahu berka
-1;ustadz yusuf mansur tantang mubahalah ini tuntut lengkap korban investasi batu bara jabal nur 
-1;buat yusuf mansur jk anda benar hadap mrk yg dtg rumah anda dan tanggung jawab semua duit mrk yg sdh invest
-1;kasus gelap aset tamara bleszynski vs rugi korban yusuf mansur
1;yusuf mansur patut napas lega sebab diri nyata lolos dari gugat perdata di pn tangerang meski begitu ia masih nanti hasil gugat lain
-1;hidup kau tuh yg berat rumah di gruduk orang di tagih hutang makax jangan cari hidup di agama sdekah kau jadikn senjata tipu hrusx kau sdar dasar ustad taii aq haram muka kau masuk di beranda ustad taii
-1;rumah yusuf mansur digeruduk massa yg tuntut jelas program investasi batu bara oleh yusuf yg telah ikut orang
-1;kmu uda gerakn buzzer utk bela kmu medsos kya kmu kerahkn preman utk jga rumah kmu pas geruduk para korban pnipuanmu laku kya jahat koq nyebut dri ustadz fuck you 
-1;rumah yusuf mansur digeruduk puluh orang tuntut ganti rugi investasi
-1;ma ruf amin kepret ku haing balikeun sia ma ruf amin alias yusuf mansur siapa koplok nu nipu rakyat pura pura pikun
-1;yusuf mansur suruh guru dulu sama dia
-1;kmu kerahkn buzzer utk bela kmu kya kmu kerahkn preman utk jga rumah kmu pas geruduk pnipuanmu laku jahat ngaku ustadz
-1;kyai taik pnipu umat
1;inaw ma usri yusran inna ma al- usri yusra sungguh serta sulit itu ada mudah salah pesan ibu saya suf kalo lagi susah inget ayat dari surah alam nasyrah karna memang itu janji allah serta sulit ada mudah
0;ustaz yusuf mansur tanggap santai soal rumah yang digeruduk puluh massa
-1;dulu nyokap gue pernah dakwah yang mana itu ada si yusuf mansur ini dulu nyokap gue respect banget sampe mau masukin gue ke pesantren nya dia untung gue anak berontak wkwk
0;tidak milik hubung tapi milik asa yg tidak bisa hilang rasa depita sleepcall mahasiswa bu mega robi
1;sodakoh juga pak ustad
0;ustad yusuf mansur pilih amal ke luar negeri
-1;cari banyak orang ustaz yusuf mansur malah umum mau ke mesir netizen mau kabur tadz
-1;bahkan jengkal tanah dan se perek kelak akan dimintain pertanggungjawabannya iya kan tadz
-1;kan ente ada mobil ada rumah juuaall gadai uang sedekahin semua ikhlas gampaang sedekah lewat ane ya
-1;si skr kerahkn anjing buzzer utk jaga diri kya yg jga rumah kmrin pas geruduk para korban pnipuannya jahat koq sebut ustadz
0;yusuf mansur
-1;no yusuf mansur
-1;ciutn kmu mnunjukn kmu ga pny otak jdi ga isa bedakn yg slah dg yg benar kmu jga ga pny hati jdi ga isa mrsakn prsaan para korban si jam an org yg mmbela mmbenarkn sbuah kjhatan mka hisab akhirat sma berat dg laku kjhatn tsb
0;darimana uang
-1;ustaz yusuf mansur jerat kasus yang libat diri bagai gugat salah satu korban ngaku sampai hilang ru
-1;yg makan babi org bal yang bodoh bin tolol umat islam bodoh kena investasi bodong ustadz yusuf mansur dna bodoh alir dari nabi
0;ini peluang bisnis bayar via handphone milik ustadz yusuf mansur
1;yusuf mansur buka suara soal investasi batu bara hingga satgas blbi sita aset duo harjono jadi berita populer di kumpar
1;yusuf mansur buka suara soal investasi batu bara hingga satgas blbi sita aset duo harjono jadi berita populer di kumparanbisnis panjang rabu
-1;motor berapa jual juta kalo kali juta laa ilaa ha illallah muhammadurrosulullah enggak percaya kafir
1;yusuf mansur syukur gugat kepada di pn tangerang tolak
1;saya serah kpd kuasa hukum saya dan silah mau narasi apa saja tentang saya kata yusuf mansur ini arti di
1;sholluu alannabiyy muhammad allahumma sholli alaa sayyidinaa muhammad wa alaa ali sayyidinaa muhammad istiqomah lakuin sampe wafat minimal yg pagi sore dpt surga insyaallah dah sila yah yg mau ajar shalawat lebih lanjut ini ya
0;sidang kasus tabung tanah gelar hari ini yusuf mansur minta doa
-1;deret kontroversi muncul pada bisnis milik ustaz yusuf mansur kini ustaz kondang itu kejar oleh para investor
0;rumah digeruduk massa yusuf mansur all bener-bener ga bakal tinggal diam
-1;begini cerita para korban yang aku tipu yusuf mansur
0;basic outfit you must have cewe wajib punya mixue malaysia moana yusuf mansur siwon thread
-1;pernah gaksi lagi bengong tbtb ken mukulin yusuf mansur
0;soal yusuf mansur hilang acara beliau punya penting
-1;dari komentar yusuf mansur belum putus nampak sirat akan sudah tau kalau bakal menang
1;amal baca alquran selalu tuju utk dapat dunia ngga salah tad
1;assalaamu alaikum wr wb sdhkah kita subuh berjama ah sempurna sholat kmrn hari ini di masjid musholla hayya alash sholaah hayya alal falaah ayo kita sholat ayo kitasambutkemenangan bangun jgn tidur berjama ah jgn sendiri 
0;bukan kabur kuasa hukum sebut yusuf mansur ada di yaman saat rumah digeruduk korban investasi lewat yusufmansur wirdamansur investasi yaman
-1;walah piye iki yusuf mansur kok ngene ceritane bayar wae cup
1;buat yg idupnya kyknya brat bgt kyk gk ada yg mw nolongin smua gk pd mw bantuin smuanya pd ngejauhin dah pokok coba dah baca ar-rahmaan trus doa dah karena allah itu maha asih allah selalu ada buat kita ktika yg lain nggak bismillah yah
-1;salah satu korban ustadz yusuf mansur ungkap rugi yang alami
-1;ustaz yusuf mansur kembali tuai sorot lagi program investasi yang besut oleh protes
-1;yusuf mansur dulu agak sufi tp sekarang ko bisa profit dari sedekah investasi ya itu hal yg abstrak kecuali pahal buat akherat
0;ustaz yusuf mansur jerat kasus yang libat diri bagai gugat salah satu korban ngaku sampai hilang rumah
0;majelis hakim tolak gugat kasus tabung tanah pada ustaz yusuf mansur ini alas hakim tolak gugat sebut
-1;ustadz yusuf mansur kabur saat datang oleh para korban investasi bodong
0;nyata yusuf mansur ada di yaman saat rumah di tangerang demo acara di yaman sudah selesai kini yusuf mansur seg
-1;pantaikutabali ajar bukan suatu wajib tapi ajar adalah suatu butuh yusuf mansur
0;rumah digeruduk yusuf mansur tolak ke mesir usai dari yaman
0;alas insecure versi kamu gimana yusuf mansur ice bsd duit mana duit baesuzy ibra god jihyo jatengisred miliar
0;wirda mansur tunjuk sikap tak duga saat ada di cirebon putri ustaz yusuf mansur wirda mansur tahu tengah ada di cirebon dalam buah acara jumpa fans datang wirda news wirdamansur yusufmansur putriustadzyusuf anakyusufmansur
1;alhamdulillah cerita singkat dari pn tangerang gugat mereka hadap ayahanda yusuf mansur tolak karena dapat beber
1;ustaz yusuf mansur menang gugat tabung tanah tanpa sorak
0;saran saya yusuf mansur jual cerita hidup dan kontroversi ekslusif kepada netflix bayar dari netflix akan sangat
-1;gw br tahu ada yusuf mansur sana
-1;ibu ini ngaku jadi korban tipu yusuf mansur hingga hilang rumah
-1;apa timbang majelis hakim lolos ustaz yusuf mansur dari perkara gugat perdata kait program tabung tanah
0;rekomendasi outfit beli mixue bareng ayang pict pict pict https
1;yusuf mansur respons kasus tabung tanah menang tanpa ngasorake
1;kata ustadz yusuf mansur pilih bg alumni kontribusi besar ekonomi unat atau masuk sistem nekdetektif
0;jaga adalah tugas kami depita sleepcall mahasiswa bu mega robi yusuf mansur sunscreen canggih darwis preside
-1;ngga percaya kafir kau
0;yusuf mansur curhat kait penggerudukan dan hasil sidang
0;punya banyak masalah hukum ustaz yusuf mansur saya serah kepada acara pilarid
-1;ustadz hipnotis sedekah kok msh ada yg mau percaya
-1;pasrah silah mau narasi apa saja tentang yusuf mansur
1;ust yusuf mansur malah lbh keren lg beliau gak hadir tp pesan buat kelen kata biar alumni lbh greget lg kudu masuk sistem 
-1;baca trs sup biar km dpt hidayah
-1;rumah ustaz yusuf mansur yang ada di cipondoh kota tangerang digeruduk puluh orang mereka rasa tipu oleh yusuf man
-1;waduh pak kmn ya
0;gugat para kerja migran ke yusuf mansur soal program tabung tanah tolak pn tangerang kenapa yusufmansur
1;yusuf mansur menang lawan gugat proyek tabung tanah rp juta
0;deret investasi yusuf mansur yang ujung gugat batu bara hingga properti
1;ustaz yusuf mansur buka suara telah lolos dari gugat perdata kait dengan program tabung tanah dia rasa syukur
1;baru pihak kuasa hukum yusuf mansur sebut janji akan selesai wajib gugat tunggak gaji karyawan rp
-1;eh banyak tamu drumh udah dtemuin bloom
0;pada senin malam puluh orang datang rumah yusuf mansur sayang tidak hasil temu dengan tuan rumah mana ada yusuf mansur
-1;para gugat dengerin nih pihak yusuf mansur sila aju banding ke adil tinggi banten
-1;yusuf mansur miringe kebanteren
0;kamar earthtone kursi meja kasur gorden https
0;dari ig si wirda ini dia sama adek-adeknya ada di cirebon besok lusa di semarang arti yang kabur yusuf mansur doang
-1;dalam kasus wanprestasi yusuf mansur tolak bayar ganti rugi rp juta yusuf mansur hanya sedia bayar ganti rugi
0;kapolsek cipondoh kompol ubaidillah kata aksi unjuk rasa yang laku puluh orang diam ustaz yusuf mansur
0;herry wakil korban enggak tahu yusuf mansur kabur ke mana versi polisi sebut bahwa dia ada di yaman versi ya
0;sebwah lirik tag yusuf mansur depita dangdut
0;ingat kata ust yusuf mansur
-1;cup mana cup
0;video ustaz yusuf mansur bebas dari gugat kasus investasi tabung tanah di pn tangerang via
1;populer nyata yusuf mansur ada di yaman saat rumah di tangerang demo acara di yaman sudah selesai kini yusu
-1;yusuf mansur di umur segitu lagi lucu
-1;ini ulama kenapa jadiin agama jadi cerita dongeng khayal bukti yusuf mansur aja sampe kabur ke mesir
-1;ustadz yusuf mansur ada di yaman saat rumah di kawasan cipondoh digeruduk massa para mantan jemaah yang ikut investasi tagih untung
1;sholawat cenderung bukan utk hal duniawi ini hubung antara sang cipta dgn kasih antara sang rosul de
-1;aku salah satu investor batu bara yusuf mansur saya janji un via
0;apa sih maksud
1;andai yusuf mansur tau doa ini dia gak perlu lari ke yaman dan mesir hindar warga yang minta uang dibalikin
-1;cari banyak orang ustadz yusuf mansur malah umum mau ke mesir netizen mau kabur tadz 
-1;ini video sesat yusuf mansur sehingga pantas rumah digeruduk massa
0;baru pihak kuasa hukum yusuf mansur sebut janji akan selesai wajib gugat tunggak gaji karyawan rp juta sebut pada pekan ini
-1;kurang sekah ya cup makanya masalahlu tubi tubi
0;jangan salah paham dan mau gantung yah depita sleepcall mahasiswa bu mega robi yusuf mansur sunscreen canggi
-1;deret kasus yusuf mansur kait investasi via
-1;duit dari mana
0;ini yang bikin ustaz yusuf mansur menang gugat di adil negeri tangerang
1;ustaz yusuf mansur buka suara telah lolos dari gugat perdata kait dengan program tabung tanah dia rasa syukur atas putus sebut
-1;investasi surga dan duniawi pas rugi gak mau ganti wkwkwkwkw
-1;yang oknum itu monaslimin dan bom bal dan bom bal serta kawan yusuf mansur si tongos somad sama rendang babik tambah berijik yang skrg nginep di prodeo hihi
-1;lah bukan nya kolam sama loe romlah kalo setia kawan mah loe pada patungan buat yusuf mansur cebong kan buaanyak akun
-1;apakahb ustaz memngg nipuu tw gmna
-1;curhat tkw ngaku jadi korban tabung tanah ustaz yusuf mansur
0;we al-aqsha depita sleepcall mahasiswa bu mega robi yusuf mansur sunscreen canggih darwis presiden republik indon
1;sungguh ustadz yusuf mansur sedang ajar arti ikhlas kepada jemaah
1;populer nyata yusuf mansur ada di yaman saat rumah di tangerang demo acara di yaman sudah selesai kini yusuf mansur segera terbang ke mesir
1;yusuf mansur juga biar warga untuk hukum serta hakim meski belum ada putus adil yusufmansur investasi batubara bogor jawabarat viral tangerang gerudukrumahyusufmansur
1;anjir yusuf mansur menang gugat
0;kristen ga bisa investasi kayak yusuf mansur
0;bu mega bunda cewe khilaf rp sbmptn bem ui yusuf mansur presiden papua aw bapak politik identitas
0;yang bener itu yusuf mansur pergi ke mesir rumah digeruduk kan jadi kompor gas kompas tv masih independen
-1;ya ampun kasi korban dari ust yusuf mansur
-1;moga jadi ajar jgn smpe agama trus dipake buat bisnis yg malah rugi rumah yusuf mansur di tangerang
0;kwkwkwkwkwkw
-1;kerjaa biar dapet uang buat bayar utang doa doang kagak usaha doa
-1;yusuf mansur absen sidang kasus tabung tanah di adil negeri tangerang dan menang atas gugat mantan jemaah
-1;aku salah satu investor batu bara yusuf mansur saya janji untung rp juta per bulan kompastv
-1;tinggal dmn skrg ustadz ngajinya kok di twitter doank ketemu umat lsg dong tadz biar afdol
0;fix telah baca berita ini akan banyak orang yang mulai utang krn sudah dapat solusi yang super duper gampang untuk lunas
0;alas pn tangerang tolak gugat kasus tabung tanah yusuf mansur sebut kurang pihak terggugat
0;rumah digeruduk massa mana ada yusuf mansur beritajogja jogja jogjaistimewa
0;ken ketawa tapi takut lapar lagi
1;moga jadi solusi untuk ustad
-1;ustadz yusuf mansur jabat komisaris utama di usaha batu bara investor dia bohong terus 
0;ustaz yusuf mansur tengah jerat kasus yang libat diri bagai gugat
-1;bukan karena kenapa dia mau coba bayang kalau todong di majelis kayak loe kurang baca ya
0;yusuf mansur buka suara kait gugat hadap diri dalam kasus tabung tanah yang tolak adil negeri tangerang 
1;sehat terus kyai
0;kalo mubahalah beda urus ini siapa yang kena dampak akan alir terus ke anak cucu yakin mau nerima tantang ini
1;menang pn tangerang yusuf mansur menang tanpa ngasorake via id
1;pn tangerang menang ustaz yusuf mansur atas gugat kasus tabung tanah
-1;diam ustaz yusuf mansur digruduk puluh massa mereka tuntut agar ustaz yusuf mansur tanggung jawab atas duga tipu investasi namun beliau tidak ada di tempat lengkap di sini genpico ustazyusufmansur
-1;yaahh cup lu nipu org dg kedok agama trus skrg lo bilang ga ada yg mau bantuin ngaca cup
0;yusuf mansur sebut kabur saat rumah digeruduk nyata posisi di luar negeri sudah minggu via
0;ustadz yusuf mansur tantang mubahalah ini tuntut lengkap korban investasi batu bara jabal nur
0;ini saham real gimana ya pak nyangkut dalem nih
0;rumah digeruduk puluh orang tagih uang investasi ustadz yusuf mansur justru ada di luar negeri
1;populer rumah ustaz yusuf mansur di cipondoh kota tangerang digeruduk puluh orang mereka rasa tipu oleh ustaz yu
-1;lu ustad apa kang tipu cup 
-1;ustaz yusuf mansur jabat komisaris utama di usaha batu bara massa dia bohong terus
0;ustaz yusuf mansur akhir dapat ucap syukur lantar gugat atas kasus perdata tabung tanah yang layang pada tolak oleh majelis hakim adil negeri tangerang banten
0;tagih janji puluh orang geruduk rumah bukan all miliar yang ucup embaatt https
0;yusuf mansur malah miring badan kir jaga wibawa sama ustadz abal makanya hutang sampai sekarang nggak lunas
0;gilir susah jadi kadrun gilir senang jadi cebong lu kenapa gak kabur ke china jam an
-1;cc ustadz ada jawab netizen kait uang yg ustadz cari monggo simak jawab netizen
0;kasus investasi batu bara ustaz yusuf mansur tahun silam promosi ke masjid saat subuh
-1;di amalin juga surr jangan cuman share kali aja korban investasi bodong lupa
0;sama yusuf mansur 
0;saya butuh duit satu triliun pak yusuf mansur wearing peci cap and sunglasses marah marah angry slapping hitting the table
-1;sakti bener pak cuplis ini lolos di adil apa dia pake jurus sedekah juga ya masih ada yg mau ikut aji
-1;inti jng lari dari masalah hadap
0;ustaz yusuf mansur bicara menang kasus tabung tanah
-1;cup uang balikin dong ngustadz mata duit
0;kuasa hukum ustaz yusuf mansur rasa syukur gugat kasus tabung tanah yang layang untuk klien tolak majelis hakim
1;yusuf mansur menang atas gugat kasus tabung tanah ini jelas hakim dan kuasa hukum
-1;bukan mau ikut campur tapi ini pak yusuf mansur selalu aja buat hal yang bikin geleng kepala hedeh
0;ehgg
-1;ibu ini muncul tagih utang ustaz yusuf mansur dari tahun
-1;sorot yusuf mansur kepung massa korban investasi umar hasibuan beri komentar tajam
-1;kan tidak semua orang yang punya kait dengan ym cara fisik berani hadap preman aja banyak tadi di sana
-1;kasus gugat perdata tabung tanah menang nama ustaz yusuf mansur di adil negeri tangerang ini kata sang ustaz
0;ustaz yusuf mansur bebas dari gugat kasus investasi tabung tanah di pn tangerang via
-1;anda punya label ustadz di masyarakat tpi anda salah guna moga allah balas di akhirat
-1;duit mana duit lagi dan lagi yusuf mansur begini people want their money back 
0;saat ini ustaz yusuf mansur sedang ada di yaman simak video
0;pihak gugat nyata kurang serta pihak gugat di perkara ini yakni koperasi merah putih 
0;pihak gugat nyata kurang serta pihak gugat di perkara ini yakni koperasi merah putih
-1;fungsi jangan harap pada manusia
1;wah pak yusuf mansur lolos dari kasus tabung tanah
0;heboh kasus tabung tanah yusuf mansur kuasa hukum ngaku tak tahu soal hubung klien dengan milik program
0;yusuf mansur buka suara kait gugat hadap diri dalam kasus tabung tanah yang tolak adil negeri tangerang
-1;alibi mulu kayak yusuf mansur
0;rentet kasus investasi yusuf mansur dari dana hotel haji hingga batu bara
0;ak bekas jd jauh dari serang
-1;sakti bener pak cuplis ini lolos di adil apa dia pake jurus sedekah juga ya masih ada yg mau ikut aji sama ustadz ini
1;kasihan uang hilang senang kau sur alas hakim tolak gugat kasus tabung tanah pada ustaz yusuf mansur
0;rumah digeruduk massa yusuf mansur ada di yaman
-1;awas serang
0;kepada hotman paris ustaz yusuf mansur aku dulunya ia sempat jual es di terminal hotmanparis yusufmansur melaneyricardo sedekah
1;pak yusuf mansur seperti sosok yang taat prokes ya rajin cuci tangan
-1;bongkar utang ustaz yusuf mansur tahun lalu ibu ini hilang rumah dan wartel
-1;tega tega tega kau yusuf mansur
-1;beneran lele dumbo nie org aman krna bagi dr rezim bhkan nti yg nagih yg jd tsk
-1;dari sekian banyak berita ustad alhamdulillah belum pernah ada judul ustad kadrun tipu ustad radikal nipu begini laku ustad kadrun dan jenis
0;deret investasi ustaz yusuf mansur yang ujung gugat mulai batu via
-1;ini nama kabur dengan gaya ya ucupp kiyowoo
1;yusuf mansur sebut menang tanpa sorak sorai tanpa hina kawan
0;belit agam kasus investasi yusuf mansur agar publik indonesia bisa ajar dan ambil hikmah dari kasus saya
-1;cari banyak orang ustadz yusuf mansur malah umum mau ke mesir netizen mau kabur tadz banyak yg nyariin tuh tadz
-1;mana yusuf mansur saat rumah digeruduk massa
0;aamiin insyaallah
0;gugat atas kasus tabung tanah hadap ustaz yusuf mansur tolak oleh majelis hakim sidang putus gelar di pengadila
-1;coba deh ustadz ikut saran ustad bahlul ini agar bisa lunas jika tdk bukti segera ustad bahlul tsb minta untuk bayar ustadz yusuf
-1;rumah ustaz yusuf mansur digeruduk puluh orang ketua rw mereka tak izin dulu ke saya
1;dari yaman ustaz yusuf mansur panjat doa menang tak perlu bersorak-sorai
-1;ustadz kamu masih harus ajar dari sama ustadz
-1;bapak yusuf mansur yang hormat baik bapak fokus dulu untuk urus froblematikan bapak dan investor
0;panjang tahu saya dari dua minggu yang lalu beliau yusuf mansur ada di kota tarim negara yaman papar arie pada awak media selasa yaman lg yg jd tumbal yah
0;menang gugat kasus tabung tanah ustaz yusuf mansur ucap falsafah jawa sindonews bukanberitabiasa
0;majelis hakim tak terima gugat sidang putus ustaz yusuf mansur
0;sosok yusuf mansur ayah wirda yang jerat kasus investasi batu bara hingga rumah digeruduk
0;jadi begitu masuk ke indo yang emang tari masyarakat hadap mag kuat yasudah jadi nggak heran jugak sih kalo orang kayak yusuf mansur laku di indo dengan segala unsur magis dan ke fatalistis annya baca surah al-waqiah nanti rejekinya banyak dll
0;alas pn tangerang lolos ustaz yusuf mansur dari gugat tabung tanah yusufmansur ustadyusufmansur
-1;dicariin lu
-1;saya serah kpd kuasa hukum saya dan silah mau narasi apa saja tentang saya kata yusuf mansur ini arti dia tidak akan kembali uang investor usaha batu bara tsb jumlah lbh dr itu
0;puluh korban investasi batu bara datang rumah yusuf mansur sang ustaz sebut sudah kabur
0;dgn yusuf mansur
0;kuasa hukum para gugat kasus tanah tabung yang seret ustaz yusuf mansur beri tanggap ia sebut rasa ta
1;yusuf mansur lolos dari gugat tabung tanah begini timbang hakim
0;saat rumah digeruduk puluh investor yusuf mansur pergi ke yaman yusufmansur videokompas jernihkanharapan
-1;sedekah lari ke ucup ya sama aja ngemis
0;nyata yusuf mansur sedang di yaman saat rumah digeruduk massa korban kasus investasi qatar quote weareoneexo respectgiselle enhypen tiktok theslydeinspace youngjae portable adaletinizparodi fearwomen gaysurabaya hutjakarta news
0;ustaz yusuf mansur di yaman saat rumah digeruduk massa
1;baik yusuf mansur tanggal predikat ustadz depan nama karena predikat ustadz adalah sungguh berat pertanggungjawabannya diakherat kelak
0;nabi muhammad saw muncul dalam mimpi muhammad qasim dua kali pada malam yang sama dan kata qasim untuk me
1;tangerang yusuf mansur lapor telah menang gugat lawan sri sukarsi dan marsiti pada rabu juni yusuf mansur menang
-1;yg nggeruduk rumah itu korban investasi batu bara murni bisnis investasi bukan sedekah ngab
1;kuasa hukum gugat kasus tanah tabung yang seret ustaz yusuf mansur ikan tanggap ia rasa tak kalah atas putus hakim sebut
0;rumah ceramah yusuf mansur digeruduk puluh warga yang gabung bagai investor batu bara jabal nur senin para
-1;jangan kabur cup
0;kemudian tambah video
0;jet copy link terus di paste kemudian di hapus dari akhir sampai simbol tanda tanya
1;memang top aa
0;trik main judi slot online jarang tahu jamin cuan baca sini slotgacor slotonline judislot gameonline panduanbermain trikslot rtpslot aw yusuf mansur respectgiselle khilaf
1;yusuf mansur di percaya
0;ustaz jokowi miliar embat
0;buat para investor aku ada ide usaha seperti ini kita langgan layan streaming film populer sperti netflix disney viu kalo bisa semua lalu kita buka bioskop sendiri yg nyaman jam silah investor jika tarik yusuf mansur
0;cobak suruh pak sumur resap itu pinjam duit sama ustadz yusuf mansur banyak duit tu mana tau bisa di bantu buat bayar
-1;kasus si yusuf mansur bukan kasus yang remeh temeh sih turut beneran korban dia nggak cuma orang yang dia tipu lewat duit tapi jugak mindset
-1;jelek yusuf mansur pasti ada momen di mana pngen bgt makan waroeng steak shake
-1;ente baca jga cup biar permslahan ente jga di tolong
0;ys ya sin walqurni lhakiymi wal-qur anil-hakim demi al-qur an yang penuh hikmah masya allah yaasiin ini jantung qur an makanya baca dah insyaallah banyak tolong allah yang akan dapat minimal dapet hikmah yuk baca
-1;jangan percaya kata media sosial bisa pelintir tetapi adil yang bukti ini fakta
-1;dicariin tuh
1;kuasa hukum para gugat kasus tanah tabung yang seret ustaz yusuf mansur beri tanggap ia sebut rasa tak kalah atas putus hakim sebut
1;pulang pak pulang udah banyak yg nanti tu selesai masalah baik baik segera bayar hak hak manusia belum ajal jemput ntar di akhirat susah nasehat sama muslim
1;betul saat rumah di tangerang demo puluh orang yang tagih uang investasi yusuf mansur sedang ada di yaman
0;sdh asal jeplak salah pula kadrun bego jkw presiden ma belum jdi wapres
1;usai yusuf mansur menang gugat atas kasus tabung tanah nyata gugat belum tentu langkah
-1;ngomong sana ama korban yusuf mansur kalo gak langsung ketemu ama bidadari
-1;kalau niat pertama karena allah kenapa bisa kena tipu yakh
1;kalau sedekah harus ikhlas kalau rasa paksa bukan sedekah btw tuju utama nya apa dulu kalau karena allah pasti ngga akan rasa rugi bahkan saya ajar ilmu sedekah dari beliau kok salah sedekah kalau rasa paksa kenapa mau
-1;haha iya memang di indonesia ini investasi harus untung gk mau tau mau uang harus lipat kembali gk pada ngerti konsep investasi itu apa masalah kl ustad ym ini dia janji pasti lipat jadi ada unsur php nya jg sih
0;gugat tolak ustaz yusuf mansur menang perkara tabung tanah
0;lampu tidur anime anya spy family hun minnie aw bunda bem ui xiumin rabu jihyo garam dewi perssik chuu tangsel nanas tinggi kim bros jakarta karina yusuf mansur sore bu mega sunscreen canggih anime anya spyxfamily
-1;kabur cundang
1;ustaz yusuf mansur menang dalam gugat tabung tanah di pn tangerang
1;team sukses koalisi nasdem pks demokrat somad jurkam bidang dakwah yusuf mansur jurkam bidang donasi sedekah bakmukmin jurkam bidang demo sendiri
0;knpa fak kasih nama yg agak arab yusuf mansur misal
0;hakim ketua putus perkara sidang kasus tabung tanah yang jerat ustaz yusuf mansur hasil para gugat kasus sebut tolak hakim karena tidak mengikutsertakan pihak koperasi bagai gugat
1;ustaz yusuf mansur menang gugat atas kasus nabung tanah tolak hakim pn tangerang
0;yang gue tangkap lama ini orang orang hanya ikut ikut beri tanggap ke kyai yusuf mansur yang gatau juga suara
-1;ketua tak percaya ustaz yusuf mansur laku tipu ustadyusufmansur yusufmansur
