sentimen;tweet
0;rt sahabatsaber kenapa ngustadz yusuf mansur coba yaa daripada keluar negeri 
0;di tengah ramainya pemberitaan rumahnya digeruduk puluhan orang ustaz yusuf mansur justru muncul dengan postingan terbarunya di instagram simak berita selengkapnya di news one cari beritaditv one yusuf mansur
0;rt nyaiibubu si paling dicari rumah yusuf mansur digeruduk massa ybs di yaman dan mesir investasi berkedok syurga ht
0;rt oposisicerdas rumahnya digeruduk massa yusuf mansur allah bener-bener ga bakal tinggal diam
0;rt oposisicerdas rumah yusuf mansur digeruduk massa gus umar pertanggungjawabkan duit mereka jangan lari
0;yuk join bersama bisnis ustadz yusuf mansur paytren dg klik web ini sukses bisnis bersama paytren indonesia
0;rumahnya digeruduk massa yusuf mansur allah bener-bener ga bakal tinggal diam
0;kenapa ustad yusuf mansur coba dr pada lari klu berhasil kan lumayan klu nggak berhasil bisa bonyok kayak knpiharis coba aja solusi dr ustad adi hidayat pasti mengatasi masalah tambah masalah
0;yusuf mansur knp dah wkwk
0;mahasiswigenz to yusuf_mansur alangkah lebih baik jika anda bertanggungjawab dan menghadapi para masyarakat yang telah berinvestasi pada investasi yg anda luncurkan tunaikan janji anda dan jadilah contoh panutan masyarakat sesuai dengan profesi yg anda jalankan sebagai ulama
0;bakcre bawokberkibar yusuf_mansur bisa di baca model investasinya sekilas sbb jadi saya menengarai saudara jam'an hanya mengandalkan 'nama kondang mengingat mou juga belum jelas wallahu'alam
0;rt lamerona andai yusuf mansur tau doa ini dia gak perlu lari ke yaman dan mesir menghindari warga yang minta uangnya dibalikin https
0;ustaz yusuf mansur belum selesai hadapi kasus lain walau menang satu perkara
0;yuk join bersama bisnis ustadz yusuf mansur paytren silahkan cek bio pokoknyapaytreninaja sukses bisnis bersama paytren indonesia
0;kasus penggelapan aset tamara bleszynski vs kerugian korban yusuf mansur
0;yusuf mansur patut bernapas lega sebab dirinya dinyatakan lolos dari gugatan perdata di pn tangerang meski begitu ia masih menanti hasil gugatan lainnya
0;deret kasus yusuf mansur dari tabung tanah hingga batubara
0;rt cnnindonesia rumah yusuf mansur digeruduk puluhan orang tuntut ganti rugi investasi
0;rt elghuvven tidak memiliki hubungan tapi memiliki perasaan yg tidak bisa hilang rasanya depita sleepcall mahasiswa bu mega robi
0;keuangannews_id yusuf_mansur kan ente ada mobil ada rumah juuaall gadaii uangnya sedekahin semua ikhlas gampaang sedekahnya lewat ane ya
0;tololmeroket yusuf mansur
0;rt darimana uangnya
0;inilah peluang bisnis pembayaran via handphone milik ustadz yusuf mansur
0;rt kumparan yusuf mansur buka suara soal investasi batu bara hingga satgas blbi sita aset duo harjono menjadi berita populer di kumparan
0;yusuf mansur buka suara soal investasi batu bara hingga satgas blbi sita aset duo harjono menjadi berita populer di kumparanbisnis sepanjang rabu
0;rt maroondaily basic outfit you must have cewe wajib punya mixue malaysia moana yusuf mansur siwon thread
0;gus_sholah kh_syarif caknundotcom muhammadiyah nahdlatululama haedarns ppemudamuh wartanu fahrihamzah bachtiarnasir saidaqil agungizzulhaq saididu ariekuntung yusuf_mansur rizieqsyihabfpi marifinilham felixsiauw netizentofa puspen_tni tni_ad penkopassus cakra_kostrad kodamiv kodamtpr kodamhasanuddin tniau tnial aniesbaswedan sandiuno syaikhu_ahmad muslimorid fiqh_islam cintarasulallah kisahrasul sudirmansaid idafauziyah mohmahfudmd islamituindah kajianislam salamdakwah prabowo assalaamu'alaikum wr wb sdhkah kita subuh berjama'ah sempurnakan sholat kmrn hari ini di masjid musholla hayya 'alash sholaah hayya 'alal falaah ayo kita sholat ayo kita sambut bangun jgn tertidur berjama'ah jgn sendirian 
0;rt cnnindonesia rumah digeruduk yusuf mansur bertolak ke mesir usai dari yaman
0;apa pertimbangan majelis hakim meloloskan ustaz yusuf mansur dari perkara gugatan perdata terkait program tabungan tanah
0;rt isfunnyy rekomendasi outfit beli mixue bareng ayang pict pict pict https
0;rt ladyjasminee menjaganya adalah tugas kami depita sleepcall mahasiswa bu mega robi yusuf mansur sunscreen canggih darwis preside
0;yusuf_mansur baca trs sup biar km dpt hidayah
0;deretan investasi yusuf mansur yang berujung gugatan batu bara hingga properti
0;rt estehesjeruk kamar earthtone kursi meja kasur gorden https
0;rt sebwah lirik tag yusuf mansur depita dangdut
0;medanfess ingat kata ust yusuf mansur
0;rt asyfa_mahdiya jangan salah paham dan mau digantung yah depita sleepcall mahasiswa bu mega robi yusuf mansur sunscreen canggi
0;rt ladyjasminee we al-aqsha depita sleepcall mahasiswa bu mega robi yusuf mansur sunscreen canggih darwis presiden republik indon
0;terpopuler ternyata yusuf mansur berada di yaman saat rumahnya di tangerang didemo acara di yaman sudah selesai kini yusuf mansur segera terbang ke mesir
0;yusuf mansur juga membiarkan warga untuk menghukum serta menghakiminya meski belum ada keputusan pengadilan yusufmansur investasi batubara bogor jawabarat viral tangerang gerudukrumahyusufmansur
0;bu mega bunda cewe khilaf rp sbmptn bem ui yusuf mansur presiden papua aw bapak politik identitas
0;kompastv yang bener itu yusuf mansur pergi ke mesir rumah digeruduk kan jadi kompor gas kompas tv masih independen
0;pengakuan salah satu investor batu bara yusuf mansur saya dijanjikan untung rp juta per bulan kompastv
0;beeipeh yusuf_mansur fix setelah baca berita ini akan banyak orang yang mulai berutang krn sudah mendapatkan solusi yang super duper gampang untuk melunasinya
0;rt tribunnews alasan pn tangerang tolak gugatan kasus tabung tanah yusuf mansur disebut kurang pihak terggugat
0;rumahnya digeruduk massa dimana keberadaan yusuf mansur beritajogja jogja jogjaistimewa
0;ustaz yusuf mansur tengah terjerat kasus yang melibatkan dirinya sebagai tergugat
0;rt kumparan yusuf mansur buka suara terkait gugatan terhadap dirinya dalam kasus tabung tanah yang ditolak pengadilan negeri tangerang 
0;keuangannews_id kalo mubahalah beda urusannya ini siapapun yang kena dampaknya akan mengalir terus ke anak cucunya yakin yusuf_mansur mau nerima tantangan ini
0;yusuf mansur disebut kabur saat rumah digeruduk ternyata posisinya di luar negeri sudah minggu via tribunnews
0;rt detikcom terpopuler rumah ustaz yusuf mansur di cipondoh kota tangerang digeruduk puluhan orang mereka merasa ditipu oleh ustaz yu
0;rt cc ustadz yusuf_mansur ada jawaban netizen terkait uang yg ustadz cari monggo simak jawaban netizen
0;ripbott bersama yusuf mansur 
0;yusuf_mansur ehgg
0;kasus gugatan perdata menabung tanah memenangkan nama ustaz yusuf mansur di pengadilan negeri tangerang ini kata sang ustaz
0;ustaz yusuf mansur bebas dari gugatan kasus investasi tabungan tanah di pn tangerang via tangerangnews
0;saat ini ustaz yusuf mansur sedang berada di yaman simak videonya
0;rt kompascom pihak penggugat dinyatakan kurang menyertakan pihak tergugat di perkara ini yakni koperasi merah putih 
0;pihak penggugat dinyatakan kurang menyertakan pihak tergugat di perkara ini yakni koperasi merah putih
0;wah pak yusuf mansur lolos dari kasus tabungan tanah
0;heboh kasus tabung tanah yusuf mansur kuasa hukum ngaku tak tahu soal hubungan kliennya dengan pemilik program
0;yusuf mansur buka suara terkait gugatan terhadap dirinya dalam kasus tabung tanah yang ditolak pengadilan negeri tangerang
0;rentetan kasus investasi yusuf mansur dari dana hotel haji hingga batu bara
0;meduusad yusuf_mansur ak dibekasi jd jauh dari serang
0;rt gosumbarcom rumah digeruduk massa yusuf mansur ada di yaman
0;manusiabiawak yusuf_mansur awas diserang
0;kepada hotman paris ustaz yusuf mansur mengaku dulunya ia sempat berjualan es di terminal hotmanparis yusufmansur melaneyricardo sedekah
0;bongkar utang ustaz yusuf mansur tahun lalu ibu ini kehilangan rumah dan wartel
0;sederet investasi ustaz yusuf mansur yang berujung digugat mulai batu via youtube
0;rt detikcom gugatan atas kasus menabung tanah terhadap ustaz yusuf mansur ditolak oleh majelis hakim sidang putusan digelar di pengadila
0;coba deh ustadz yusuf_mansur ikuti saran ustad bahlul adihidayatlcma ini agar bisa lunas jika tdk terbukti segeralah ustad bahlul tsb diminta untuk membayar ustadz yusuf
0;rt oposisicerdas rumah ustaz yusuf mansur digeruduk puluhan orang ketua rw mereka tak izin dulu ke saya
0;rt nikmatihidupini ustadz yusuf_mansur kamu masih harus belajar dari sesama ustadz
0;sepanjang sepengetahuan saya dari dua minggu yang lalu beliau yusuf mansur berada di kota tarim negara yaman papar arie pada awak media selasa yaman lg yg jd tumbal yah
0;sosok yusuf mansur ayah wirda yang terjerat kasus investasi batu bara hingga rumahnya digeruduk
0;alasan pn tangerang loloskan ustaz yusuf mansur dari gugatan tabung tanah yusufmansur ustadyusufmansur
0;saya serahkan kpd kuasa hukum saya dan silahkan mau bernarasi apa saja tentang saya kata yusuf mansur ini artinya dia tidak akan mengembalikan uang investor usaha batu bara tsb sejumlah lbh dr itu
0;puluhan korban investasi batu bara datangi rumah yusuf mansur sang ustaz disebut sudah kabur
0;lembayungdara dgn yusuf mansur
0;rt detikcom kuasa hukum para penggugat kasus tanah tabung yang menyeret ustaz yusuf mansur memberikan tanggapannya ia menyebut merasa ta
0;saat rumahnya digeruduk puluhan investor yusuf mansur pergi ke yaman yusuf mansur video kompas jernihkan harapan
0;ternyata yusuf mansur sedang di yaman saat rumahnya digeruduk massa korban kasus investasi qatar quote weareone tik tok youngjae portable adaletinizparodi fearwomen gaysurabaya hutjakarta news
0;ustaz yusuf mansur di yaman saat rumah digeruduk massa
0;kenapa ngustadz yusuf mansur coba yaa daripada keluar negeri 
0;rt kompastv rumah penceramah yusuf mansur digeruduk puluhan warga yang tergabung sebagai investor batu bara jabal nur senin para
0;buat para investor aku ada ide usaha seperti ini kita berlangganan layanan streaming film populer sperti netflix disney viu kalo bisa semua lalu kita buka bioskop sendiri yg nyaman perjam silahkan investor jika tertarik yusuf mansur
0;rizmaya kpk_ri cobak suruh pak sumur resapan.itu pinjam duit sama ustadz yusuf mansur banyak duitnya tu mana tau bisa di bantu 'buat bayar
0;sejelek-jeleknya yusuf mansur pasti ada momen di mana pngen bgt makan waroeng steak shake
0;pasrah silahkan mau bernarasi apa saja tentang yusuf mansur
0;yusuf_mansur ente baca jga cup biar permslahan ente jga di tolong
0;punya banyak masalah hukum ustaz yusuf mansur saya serahkan kepada pengacara pilar
0;jangan percaya katanya media sosial bisa dipelintir tetapi pengadilan yang membuktikan inilah faktanya
1;yusuf mansur lolos gugatan investasi tapi perkara lain menanti
1;yusuf mansur makin banyak kita bersedekah maka makin lancarlah rezeki kita sebab allah balas sedekah dan kebaikan kita dengan berlipat ganda ajaran itu benar bagi jiwa ikhlas sambil salah bagi jiwa tak ikhlas padahal jumlah jiwa ikhlas amat sedikit penyalahgunaan ayat
1;rt detikcom ustaz yusuf mansur menang atas kasus gugatan menabung tanah yang melibatkan namanya
1;ustaz yusuf mansur menang atas kasus gugatan menabung tanah yang melibatkan namanya
1;seluruh amalan sunnah itu mengantarkan kepada kejayaan kesuksesan kemuliaan kekayaan kebahagiaan yusuf mansur quote
1;ustaz yusuf mansur akhirnya buka suara terkait tuntutan ganti rugi para investor dalam program investasi batu bara miliknya
1;rt kumparan yusuf mansur buka suara mengenai aksi penggerudukan rumahnya oleh puluhan orang senin aksi tersebut diketahui berka
1;yusuf mansur suruh berguru dulu sama dia
1;inaW ma usri yusran inna ma'al-'usri yusra sesungguhnya beserta kesulitan itu ada kemudahan salah pesan ibu saya suf kalo lagi susah inget ayat dari surah alam nasyrah karna memang itu janji allah beserta kesulitan ada kemudahan
1;ustaz yusuf mansur tanggapi santai soal rumahnya yang digeruduk puluhan massa
1;yusuf_mansur sodakoh juga pak ustad
1;ustad yusuf mansur pilih amalan ke luar negeri
1;yusuf mansur bersyukur gugatan kepadanya di pn tangerang ditolak
1;rt alisyarief saya serahkan kpd kuasa hukum saya dan silahkan mau bernarasi apa saja tentang saya kata yusuf mansur ini artinya di
1;sholluu 'alannabiyy muhammad allahumma sholli 'alaa sayyidinaa muhammad wa'alaa alii sayyidinaa muhammad istiqomah lakuin sampe wafat minimal yg pagi sore dpt surga insyaallah dah silakan yah yg mau belajar shalawat lebih lanjut ini ya
1;rt cnnindonesia sidang kasus tabung tanah digelar hari ini yusuf mansur minta doa
1;rt pelitakininews rumahnya digeruduk massa yusuf mansur all bener-bener ga bakal tinggal diam
1;rumahnya digeruduk massa yusuf mansur all bener-bener ga bakal tinggal diam
1;detikcom dari komentar yusuf mansur sebelum putusan nampak tersirat seakan-akan sudah tau kalau bakalan menang
1;yusuf_mansur amalan baca alquran selalu ditujukan utk dapat dunia ngga salah tad
1;bukan kabur kuasa hukum sebut yusuf mansur ada di yaman saat rumahnya digeruduk korban investasi lewat tribunkaltim yusuf mansur wirda mansur investasi yaman
1;buat yg idupnya kyknya brat bgt kyk gk ada yg mw nolongin smua gk pd mw bantuin smuanya pd ngejauhin dah pokoknya coba dah baca ar-rahmaan trus doa dah karena allah itu maha pengasih allah selalu ada buat kita ktika yg lain nggak bismillah yah
1;majelis hakim menolak gugatan kasus tabung tanah pada ustaz yusuf mansur ini alasan hakim tolak gugatan tersebut
1;wirda mansur tunjukkan sikap tak terduga saat berada di cirebon putri ustaz yusuf mansur wirda mansur diketahui tengah berada di cirebon dalam sebuah acara jumpa fans kedatangan wirda news wirdamansur yusufmansur putriustadzyusuf anakyusufmansur
1;rt ppikadaqu alhamdulillah cerita singkat dari pn tangerang gugatan mereka terhadap ayahanda yusuf mansur ditolak karena terdapat beber
1;ustaz yusuf mansur menang gugatan tabung tanah tanpa bersorak
1;yusuf mansur respons kasus tabung tanah menang tanpa ngasorake
1;rt mediapilarid punya banyak masalah hukum ustaz yusuf mansur saya serahkan kepada pengacara pilar
1;yusuf mansur menang lawan gugatan proyek tabung tanah rp juta
1;rt detikcom ustaz yusuf mansur buka suara setelah lolos dari gugatan perdata berkaitan dengan program tabung tanah dia merasa bersyukur
1;rt detikcom terbaru pihak kuasa hukum yusuf mansur disebut berjanji akan menyelesaikan kewajiban gugatan tunggakan gaji karyawan rp
1;para penggugat dengerin nih pihak yusuf mansur persilakan ajukan banding ke pengadilan tinggi banten
1;sahabatsaber yusuf mansur miringe kebanteren
1;rt mazzini_gsp dari ig si wirda ini dia sama adek-adeknya ada di cirebon besok lusa di semarang artinya yang kabur yusuf mansur doang
1;video ustaz yusuf mansur bebas dari gugatan kasus investasi tabungan tanah di pn tangerang via tangerangnews
1;yusuf mansur curhat terkait penggerudukan dan hasil sidang
1;profesor_saham yusuf mansur di umur segitu lagi lucu-lucunya
1;rt geloraco rumahnya digeruduk massa yusuf mansur allah bener-bener ga bakal tinggal diam
1;rt yusuf_mansur sholawat cenderung bukan utk hal duniawi ini hubungan antara sang pencipta dgn kekasihnya antara sang rosul de
1;pengakuan salah satu investor batu bara yusuf mansur saya dijanjikan un via youtube
1;terbaru pihak kuasa hukum yusuf mansur disebut berjanji akan menyelesaikan kewajiban gugatan tunggakan gaji karyawan rp juta tersebut pada pekan ini
1;ini yang bikin ustaz yusuf mansur menang gugatan di pengadilan negeri tangerang
1;ustaz yusuf mansur buka suara setelah lolos dari gugatan perdata berkaitan dengan program tabung tanah dia merasa bersyukur atas putusan tersebut
1;rt jintogel sesungguhnya ustadz yusuf mansur sedang mengajarkan arti ikhlas kepada jemaahnya
1;profesor_saham anjir yusuf mansur menang gugatan
1;rt beeipeh semoga menjadi solusi untuk ustad yusuf_mansur
1;bakcre jannotama yusuf_mansur bukan karena kenapa dia mau cobalah bayangi kalau ditodong di majelis kayaknya loe kurang bacaan ya
1;sesungguhnya ustadz yusuf mansur sedang mengajarkan arti ikhlas kepada jemaahnya
1;yusuf_mansur sehat terus kyai yusuf_mansur
1;dimenangkan pn tangerang yusuf mansur menang tanpa ngasorake via spost.id
1;pn tangerang menangkan ustaz yusuf mansur atas gugatan kasus tabung tanah
1;kediaman ustaz yusuf mansur yusufmansurnew digruduk puluhan massa mereka menuntut agar ustaz yusuf mansur bertanggung jawab atas dugaan penipuan investasi namun beliau tidak berada di tempat selengkapnya di sini genpico ustazyusufmansur
1;yusuf_mansur yaahh cup lu nipu org dg kedok agama trus skrg lo bilang ga ada yg mau bantuin ngaca cup
1;ustaz yusuf mansur akhirnya dapat mengucap syukur lantaran gugatan atas kasus perdata tabung tanah yang dilayangkan padanya ditolak oleh majelis hakim pengadilan negeri tangerang banten
1;kasus investasi batu bara ustaz yusuf mansur tahun silam promosi ke masjid saat subuh
1;yusuf_mansur intinya jng lari dari masalah hadapi yusuf_mansur
1;ustaz yusuf mansur bicara kemenangan kasus tabung tanah
1;kuasa hukum ustaz yusuf mansur merasa bersyukur gugatan kasus tabung tanah yang dilayangkan untuk kliennya ditolak majelis hakim
1;yusuf mansur menang atas gugatan kasus tabung tanah ini penjelasan hakim dan kuasa hukum
1;anda punya label ustadz di masyarakat tpi anda salah gunakan semoga allah membalas di akhirat yusuf_mansur
1;pak yusuf mansur sepertinya sosok yang taat prokes ya rajin cuci tangan
1;yusuf mansur sebut menang tanpa bersorak sorai tanpa menghina kawan
1;dibelit beragam kasus investasi yusuf mansur agar publik indonesia bisa belajar dan mengambil hikmah dari kasus saya
1;yusuf_mansur aamiin insyaallah
1;dari yaman ustaz yusuf mansur panjatkan doa kemenangan tak perlu bersorak-sorai
1;bapak yusuf mansur yang terhormat sebaiknya bapak fokus dulu untuk mengurusi froblematikan bapak dan investor
1;menang gugatan kasus tabung tanah ustaz yusuf mansur ucapkan falsafah jawa sindonews bukan berita biasa
1;rt vivacoid majelis hakim tak terima gugatan sidang putusan ustaz yusuf mansur
1;majelis hakim tak terima gugatan sidang putusan ustaz yusuf mansur
1;dicariin lu yusuf_mansur
1;ustadz yusuf_mansur kamu masih harus belajar dari sesama ustadz
1;yusuf mansur lolos dari gugatan tabung tanah begini pertimbangan hakim
1;rt yusuf_mansur nabi muhammad saw muncul dalam mimpi muhammad qasim dua kali pada malam yang sama dan berkata qasim untuk me
1;tangerang yusuf mansur dilaporkan telah menang gugatan lawan sri sukarsi dan marsiti pada rabu juni yusuf mansur menang
1;kuasa hukum penggugat kasus tanah tabung yang menyeret ustaz yusuf mansur berikan tanggapannya ia merasa tak kalah atas putusan hakim tersebut
1;memang top aa yusuf_mansur
1;trik bermain judi slot online jarang diketahui dijamin cuan baca disini slotgacor slotonline judislot gameonline panduanbermain trikslot rtpslot aw yusuf mansur khilaf
1;keuangannews_id yusuf mansur di percaya
1;ys ya sin walqurni lHakiymi wal-qur anil-hakim demi al-qur'an yang penuh hikmah masya allah yaasiin ini jantungnya qur'an makanya baca dah insyaallah banyak pertolongan allah yang akan didapatkan seminimalnya dapet hikmah yuk baca
1;kuasa hukum para penggugat kasus tanah tabung yang menyeret ustaz yusuf mansur memberikan tanggapannya ia menyebut merasa tak kalah atas putusan hakim tersebut
1;yusuf_mansur dakwah topik utama sedekah ngasih gambaran seakan allah nhembalikan dlm bentuk materi jg padahal bisa jg dignti kesehatan kdamain dll bangun bisnis pake uang jema'ah perjanjian agreement sama jem'ah gimana giliran ada pailit playing victim hidup berat dll
2;alibarrand yusuf_mansur gosah cari bahan ceramah yg tidak dikuasai jadi kelihatan dongo
2;rt gunromli kok terkesan menghindar kabur dr masalah pamer sedangkan di sini dianggap nyusahin banyak orang sampe ng
2;rt oposisicerdas yusuf mansur unggah foto di yaman tanpa bahas penggerudukan massa di rumahnya warganet pak dicariin orang
2;rt oposisicerdas sidang putusan kasusnya digelar hari ini ustaz yusuf mansur pilih terbang ke mesir
2;yusuf_mansur emang utang ente udh lunas sup kok digeruduk rumah ente
2;rt saya masih ingat lalu pak jokowi menolak agar tidak didukung oleh yusuf mansur tapi yusuf mansur maksa agar ikut mengk
2;yusuf_mansur gentle dong urusi dulu kewajiban mu ngejual ayat
2;yusuf_mansur dunia mulu bang yg bahas akherat kek kemrin dtengin kmna bang jgn lari gtu dong gentle islam ga ngajarin buat lari dari masalah
2;rt cnnindonesia deret kasus yusuf mansur dari tabung tanah hingga batubara
2;lahh nyaang dari yaman ngungsi ke indonesia ini ngungsi nah ke yamann rumah digeruduk dimintai ganti rugi yusuf mansur kabarkan lagi berada di yaman
2;seddih dengernya godaan dunia memang luar biasah yaa ustad ustaz yusuf mansur bakal berangkat ke mesir warganet mau kabur tadz
2;ini kan baru salah satu kasus lha kasus yang lainnye bigimane tong
2;deret kasus yusuf mansur dari tabung tanah hingga batubara cakaplah berpikir berbuat bercakap
2;kontroversi investasi yusuf mansur hingga digugat dan digeruduk investor
2;rt keuangannews_id ustadz yusuf mansur ditantang mubahalah ini tuntutan lengkap korban investasi batu bara jabal nur 
2;rt umarchelseaa buat yusuf mansur jk anda benar hadapilah mrk yg dtg kerumah anda dan pertanggung jawabkan semua duit mrk yg sdh invest
2;yusuf_mansur hidup kau tuh yg berat rumah di gruduk orang di tagih hutang makax jangan cari hidup di agama.sdekah kau jadikn senjata penipuan hrusx kau sdar dasar ustad taii aq haramkan muka kau masuk di berandaku ustad taii
2;rt mazzini_gsp rumah yusuf mansur digeruduk massa yg menuntut kejelasan program investasi batu bara oleh yusuf yg telah diikuti orang
2;yusuf_mansur kmu uda gerakn buzzer utk bela kmu medsos kya kmu kerahkn preman utk jga rumah kmu pas geruduk para korban pnipuanmu kelakuan kya penjahat koq nyebut dri ustadz fuck you 
2;ferly_norman drevachaniago ma'ruf amin kepret ku haing balikeun sia ma'ruf amin alias yusuf mansur siapa koplok nu nipu rakyat pura pura pikun
2;yusuf_mansur kmu kerahkn buzzer utk bela kmu kya kmu kerahkn preman utk jga rumah kmu pas geruduk pnipuanmu kelakuan penjahat ngaku ustadz
2;watuselo yusuf_mansur kyai taik pnipu umat
2;profesor_saham dulu nyokap gue pernah dakwah yang mana itu ada si yusuf mansur ini dulu nyokap gue respect banget sampe mau masukin gue ke pesantren nya dia untung gue anaknya berontak wkwk
2;dicari banyak orang ustaz yusuf mansur malah pengumuman mau ke mesir netizen mau kabur tadz
2;cnnindonesia bahkan sejengkal tanah dan se perek kelak akan dimintain pertanggungjawabannya iya kan tadz yusuf_mansur
2;rayensatpin si yusuf_mansur skr kerahkn anjing buzzer utk jaga dirinya kya yg jga rumahnya kmrin pas geruduk para korban pnipuannya penjahat koq sebut ustadz
2;no yusuf mansur
2;bakcre jannotama yusuf_mansur ciutn kmu mnunjukn kmu ga pny otak jdi ga isa bedakn yg slah dg yg benar kmu jga ga pny hati jdi ga isa mrsakn prsaan para korban si jam'an org yg mmbela mmbenarkn sbuah kjhatan mka hisab akhirat sma beratnya dg pelaku kjhatn tsb
2;rt detikcom ustaz yusuf mansur terjerat kasus yang melibatkan dirinya sebagai tergugat salah satu korbannya ngaku sampai kehilangan ru
2;save_maltese faturokhmana ronin_rendahan bobi_kunku stopplandemit mpraldo glhindu yg makan babi org bali yang bodoh bin tolol umat islam bodohnya kena investasi bodong ustadz yusuf mansur dna bodoh mengalir dari nabinya
2;rt detikcom motor berapa dijual juta kalo dikali juta laa ilaa ha illallah muhammadurrosulullah enggak percaya kafir
2;sederet kontroversi muncul pada bisnis milik ustaz yusuf mansur kini ustaz kondang itu 'dikejar-kejar oleh para investornya
2;rt vivacoid begini cerita para korban yang mengaku ditipu yusuf mansur
2;begini cerita para korban yang mengaku ditipu yusuf mansur
2;rt tautaumuncul pernah gaksi lagi bengong tbtb pengen mukulin yusuf mansur
2;soal yusuf mansur 'menghilang pengacara beliau punya kepentingan
2;rt putrisakera walah piye iki yusuf mansur kok ngene ceritane bayar wae cup
2;salah satu korban ustadz yusuf mansur ungkap kerugian yang dialami
2;rt detikcom ustaz yusuf mansur kembali menuai sorotan lagi-lagi program investasi yang dibesut olehnya protes
2;yusuf mansur dulu agak sufi tp sekarang ko bisa profit dari sedekah investasi ya itu hal yg abstrak kecuali pahal buat akherat
2;ustaz yusuf mansur terjerat kasus yang melibatkan dirinya sebagai tergugat salah satu korbannya ngaku sampai kehilangan rumah
2;ustadz yusuf mansur kabur saat didatangi oleh para korban investasi bodongnya
2;rt detikcom ternyata yusuf mansur berada di yaman saat rumahnya di tangerang didemo acara di yaman sudah selesai kini yusuf mansur seg
2;pantaikutabali belajar bukan suatu kewajiban tapi belajar adalah suatu kebutuhan yusuf_mansur
2;rt baeksomie alasan insecure versi kamu gimana yusuf mansur ice bsd duit mana duit ibra god jihyo jateng is red miliar
2;rt datuakrajoangek saran saya yusuf mansur jual cerita hidup dan kontroversinya ekslusif kepada netflix bayaran dari netflix akan sangat
2;zenold_antijoko gw br tahu ada yusuf mansur disana
2;ibu ini ngaku jadi korban penipuan yusuf mansur hingga kehilangan rumah
2;kata ustadz yusuf mansur pilihannya bg alumni kontribusi besarkan ekonomi unat atau masuk sistem habis terbitlah nekdetektif
2;mahasiswigenz ngga percaya kafir kau yusuf_mansur
2;rt keuangannews_id yusuf mansur curhat terkait penggerudukan dan hasil sidang
2;yusuf_mansur ustadz hipnotis sedekah kok msh ada yg mau percaya
2;rt alisyarief pasrah silahkan mau bernarasi apa saja tentang yusuf mansur
2;ust yusuf mansur malah lbh keren lg beliau gak hadir tp berpesan buat kelen katanya biar alumni lbh greget lg kudu masuk sistem habis terbitlah
2;rt detikcom rumah ustaz yusuf mansur yang berada di cipondoh kota tangerang digeruduk puluhan orang mereka merasa ditipu oleh yusuf man
2;waduh pak yusuf_mansur kmn ya
2;gugatan para pekerja migran ke yusuf mansur soal program tabung tanah ditolak pn tangerang kenapa yusuf mansur
2;yusuf_mansur eh banyak tamu drumh udah dtemuin bloom
2;pada senin malam puluhan orang mendatangi rumah yusuf mansur sayangnya tidak berhasil bertemu dengan tuan rumah dimana keberadaan yusuf mansur
2;rt mazzini_gsp dalam kasus wanprestasi yusuf mansur menolak bayar ganti rugi rp juta yusuf mansur hanya bersedia bayar ganti rugi
2;rt mazzini_gsp kapolsek cipondoh kompol ubaidillah mengatakan aksi unjuk rasa yang dilakukan puluhan orang dikediaman ustaz yusuf mansur
2;rt mazzini_gsp herry perwakilan korban enggak tahu yusuf mansur kabur ke mana versi polisi menyebut bahwa dia ada di yaman versi ya
2;yusuf_mansur cup kemana cup
2;pernah gaksi lagi bengong tbtb pengen mukulin yusuf mansur
2;rumah digeruduk yusuf mansur bertolak ke mesir usai dari yaman
2;rt detikcom terpopuler ternyata yusuf mansur berada di yaman saat rumahnya di tangerang didemo acara di yaman sudah selesai kini yusu
2;ini ulama kenapa jadiin agama jadi cerita dongeng khayalan buktinya yusuf mansur aja sampe kabur ke mesir
2;ustadz yusuf mansur berada di yaman saat rumahnya di kawasan cipondoh digeruduk massa para mantan jemaah yang ikut investasi menagih keuntungan
2;yusuf_mansur apa sih maksudnya
2;andai yusuf mansur tau doa ini dia gak perlu lari ke yaman dan mesir menghindari warga yang minta uangnya dibalikin
2;rt democrazymedia dicari banyak orang ustadz yusuf mansur malah pengumuman mau ke mesir netizen mau kabur tadz 
2;rt alisyarief ini video sesat yusuf mansur sehingga pantas rumahnya digeruduk massa
2;alisyarief kurang sekah ya cup yusuf_mansur makanya masalahlu bertubi tubi
2;deretan kasus yusuf mansur terkait investasi via youtube
2;mamas_ridho keuangannews_id yusuf_mansur duitnya dari mana
2;jannotama yusuf_mansur investasi surga dan duniawi pas rugi gak mau ganti wkwkwkwkw
2;gandozbin na_dirs yang oknum itu monaslimin dan bom bali dan bom bali serta kawanan yusuf mansur si tongos somad sama rendang babik ditambah berijik yang skrg nginep di prodeo hihi
2;gunromli lah bukan nya sekolam sama loe romlah kalo setia kawan mah loe pada patungan buat yusuf mansur cebong kan buaanyak akunnya
2;yusuf_mansur apakahb ustaz memngg nipuu tw gmna
2;curhat tkw ngaku jadi korban tabung tanah ustaz yusuf mansur
2;owiingg kristen ga bisa investasi kayak yusuf mansur
2;ainunrozi ya ampun kasian korban dari ust yusuf mansur
2;rt gunromli semoga jadi pelajaran jgn smpe agama trus dipake buat bisnis yg malah merugikan rumah yusuf mansur di tangerang
2;beeipeh yusuf_mansur kwkwkwkwkwkw
2;beeipeh yusuf_mansur kerjaa biar dapet uang buat bayar utang doa doang kagak usaha doamu
2;yusuf mansur absen sidang kasus tabung tanah di pengadilan negeri tangerang dan menang atas gugatan mantan jemaahnya
2;yusuf_mansur tinggal dmn skrg ustadz ngajinya kok di twitter doank ketemu umat lsg dong tadz biar afdol
2;beeipeh yusuf_mansur pengen ketawa tapi takut lapar lagi
2;rt democrazymedia ustadz yusuf mansur jabat komisaris utama di perusahaan batu bara investor dia bohong terus 
2;rt democrazymedia deretan investasi yusuf mansur yang berujung gugatan batu bara hingga properti
2;ustadz yusuf mansur ditantang mubahalah ini tuntutan lengkap korban investasi batu bara jabal nur
2;yusuf_mansur ini saham real gimana ya pak nyangkut dalem nih
2;rumahnya digeruduk puluhan orang tagih uang investasi ustadz yusuf mansur justru berada di luar negeri
2;rt theeagle_ben democrazymedia lu ustad apa kang tipu cup yusuf_mansur 
2;rt oposisicerdas ustaz yusuf mansur jabati komisaris utama di perusahaan batu bara massa dia bohong terus
2;democrazymedia lu ustad apa kang tipu cup yusuf_mansur 
2;rt lagibeteajj tagih janji puluhan orang geruduk rumah yusuf_mansur bukan all miliar yang ucup embaatt https
2;rt omlaedo yusuf mansur malah miringkan badan kekiri menjaga wibawa sesama ustadz abal makanya hutangnya sampai sekarang nggak lunas
2;detikcom giliran susah jadi kadrun giliran senang jadi cebong lu kenapa gak kabur ke china jam'an yusuf_mansur
2;rt yogaa_h yusuf_mansur di amalin juga surr jangan cuman share kali aja korban investasi bodongnya lupa
2;rt findormeme saya butuh duit satu triliun pak yusuf mansur wearing peci cap and sunglasses marah marah angry slapping hitting the table
2;rt ghaussada_ii sakti bener pak cuplis ini lolos di pengadilan apa dia pake jurus sedekah juga ya masih ada yg mau ikutan pengajian
2;yusuf_mansur cup uang balikin dong ngustadz mata duitan
2;mazzini_gsp voidotid bukan mau ikut campur tapi ini pak yusuf mansur selalu aja buat hal-hal yang bikin geleng-geleng kepala hedeh
2;ibu-ibu ini muncul menagih utang ustaz yusuf mansur dari tahun
2;soroti yusuf mansur dikepung massa korban investasi umar hasibuan beri komentar tajam
2;rt zarazettirazr kan tidak semua orang yang punya kaitan dengan ym secara fisik berani menghadapinya premannya aja banyak tadi di sana
2;rt arfzulfikar mazzini_gsp voidotid duit mana duit lagi dan lagi yusuf mansur begini people want their money back 
2;yusuf mansur malah miringkan badan kekiri menjaga wibawa sesama ustadz abal makanya hutangnya sampai sekarang nggak lunas
2;rizaldjohan jannotama yusuf_mansur fungsinya jangan berharap pada manusia
2;yunalexy alibi mulu kayak yusuf mansur
2;sakti bener pak cuplis ini lolos di pengadilan apa dia pake jurus sedekah juga ya masih ada yg mau ikutan pengajian sama ustadz ini belok_dong mrsrachelin penyuka_ombak cityblessing bobbyind
2;kasihan uangnya hilang senang kau sur alasan hakim tolak gugatan kasus tabung tanah pada ustaz yusuf mansur
2;mahasiswigenz teganya teganya teganya kau yusuf mansur
2;beneran lele dumbo nie org aman krna bagian dr rezim bhkan nti yg nagih yg jd tsk
2;dari sekian banyak pemberitaan ustad yusuf_mansur alhamdulillah belum pernah ada judul ustad kadrun penipu ustad radikal nipu begini kelakuan ustad kadrun dan sejenisnya
2;ini namanya kabur dengan gaya ya ucupp kiyowoo yusuf_mansur
2;dicari banyak orang ustadz yusuf mansur malah pengumuman mau ke mesir netizen mau kabur tadz banyak yg nyariin tuh tadz yusuf_mansur
2;dimana yusuf mansur saat rumahnya digeruduk massa
2;dicari banyak orang ustadz yusuf mansur malah pengumuman mau ke mesir netizen mau kabur tadz 
2;faniiylyn jadi begitu masuk ke indo yang emang ketertarikan masyarakat terhadap magismenya kuat yasudah jadi nggak heran jugak sih kalo orang kayak yusuf mansur laku di indo dengan segala unsur kemagisan dan ke'fatalistis'annya baca surah al-waqiah nanti rejekinya banyak dll
2;bakcre sunramadhansjah jannotama yusuf_mansur sedekah larinya ke ucup ya sama aja ngemis
2;alisyarief sebaiknya yusuf mansur menanggalkan predikat ustadz didepan namanya karena predikat ustadz adalah sungguh berat pertanggungjawabannya diakherat kelak
2;bakcre bawokberkibar jannotama yusuf_mansur yg nggeruduk rumahnya itu korban investasi batu bara murni bisnis investasi bukan sedekah ngab
2;yusuf_mansur jangan kabur cup
2;rt yaniarsim ustaznya jokowi yusuf_mansur miliar diembat
2;kasusnya si yusuf mansur bukan kasus yang remeh temeh sih menurutku beneran korbannya dia nggak cuma orang-orang yang dia tipu lewat duit tapi jugak mindset
2;mazzini_gsp voidotid yusuf_mansur dicariin tuh
2;pulang pak pulang yusuf_mansur udah banyak yg nanti tu selesaikan masalah baik baik segera bayarkan hak hak manusia sebelum ajal menjemput ntar di akhirat susah nasehat sesama muslim
2;yusuf_mansur mohon pencerahan kpada smua sdaraku gimna carax agr ustad tai nie gk masuk lagi ke beranda kita najis aq liat mukax muka tai gk pnya malu baik aq liat bangkai dri pda liat dia
2;ustaz yusuf mansur diduga terlibat penipuan jemaah puluhan miliar ketua rt tak percaya dia orang baik
